{
  "format_version": "1.16.100",
  "minecraft:fog_settings": {
    "description": {
      "identifier": "pa:fog_default"
    },
    "distance": {
      "air": {
        "fog_start": 0.92,
        "fog_end": 1.0,
        "fog_color": "#44aff5",
        "render_distance_type": "render"
      },
      "water": {
        "fog_start": 0.5,
        "fog_end": 5,
        "fog_color": "#44aff5",
        "render_distance_type": "fixed"
      },
      "weather": {
        "fog_start": 0.23,
        "fog_end": 0.7,
        "fog_color": "#44aff5",
        "render_distance_type": "render"
      },
      "lava": {
        "fog_start": 0.0,
        "fog_end": 0.64,
        "fog_color": "#44aff5",
        "render_distance_type": "fixed"
      },
      "lava_resistance": {
        "fog_start": 2.0,
        "fog_end": 4.0,
        "fog_color": "#44aff5",
        "render_distance_type": "fixed"
      }
    }
  }
}